title,rank,date,artist,url,region,chart,trend,streams
Snowman,51,2021-01-02,Sia,https://open.spotify.com/track/7uoFMmxln0GPXQ0AcCBXRq,Canada,top200,MOVE_UP,52047.0
No Te Creas Tan Importante - En Vivo,53,2021-01-01,"Damas Gratis, Viru Kumbieron",https://open.spotify.com/track/3trowLiYwwOoiwapLISNyk,Argentina,top200,MOVE_UP,123443.0
Mamichula - con Nicki Nicole,54,2021-01-01,"Trueno, Bizarrap, Taiu, TATOOL",https://open.spotify.com/track/0TUW9faHNaBmi89wsYGp9y,Argentina,top200,MOVE_DOWN,120669.0
No Me Arrepiento de Este Amor,55,2021-01-01,Gilda,https://open.spotify.com/track/3mXLgWxNIbEFXWPppGjc6a,Argentina,top200,MOVE_UP,119414.0
Favorito,56,2021-01-01,Camilo,https://open.spotify.com/track/0jT8Nl0shPS8115is0wD2Q,Argentina,top200,MOVE_DOWN,112326.0
En Tu Cuerpo - Remix,57,2021-01-01,"Lyanno, Rauw Alejandro, Lenny Tavárez, Maria Becerra",https://open.spotify.com/track/3dEtfTtCXWW7N8WQ9FD29z,Argentina,top200,MOVE_DOWN,110825.0
Amores Como el Nuestro,58,2021-01-01,Los Charros,https://open.spotify.com/track/6z6aUQtuqZzq2tbyVwHO6n,Argentina,top200,MOVE_UP,110616.0
Intento,59,2021-01-01,Ulises Bueno,https://open.spotify.com/track/66ggNhGinVQLTYJODy6P74,Argentina,top200,MOVE_UP,110480.0
Que Bonito,60,2021-01-01,Banda XXI,https://open.spotify.com/track/3XmpHN0jwCV1unk8ygs1Ku,Argentina,top200,MOVE_UP,105957.0
Cerca de tí - Remix,61,2021-01-01,"Tiago PZK, Lit Killah, Seven Kayne, Rusherking, Bhavi, Tobi",https://open.spotify.com/track/51g3eI9dcemoeyk2mSe8wN,Argentina,top200,MOVE_DOWN,103297.0
La Cumbita,62,2021-01-01,Tambó Tambó,https://open.spotify.com/track/3E3vBUkBQY3CFsNmlWDft6,Argentina,top200,NEW_ENTRY,100410.0
Previa y Cachengue 33 - Remix,63,2021-01-01,Fer Palacio,https://open.spotify.com/track/3kvT5YE6eyuUyRYmpyH6lS,Argentina,top200,MOVE_UP,97962.0
Enchule,64,2021-01-01,Rauw Alejandro,https://open.spotify.com/track/0S9ZVNTNRzLMgb96tmmG1u,Argentina,top200,MOVE_DOWN,96434.0
Una Calle Nos Separa,65,2021-01-01,Nestor En Bloque,https://open.spotify.com/track/48yRazqbGXUfSpGiTPNw0r,Argentina,top200,MOVE_UP,95473.0
La Ventanita,66,2021-01-01,Grupo Sombras,https://open.spotify.com/track/2dfnK7rHRibkQR93iZn7Z2,Argentina,top200,NEW_ENTRY,95132.0
Si Me Tomo Una Cerveza - Remix,67,2021-01-01,Alan Gomez,https://open.spotify.com/track/0C7OwfDvT7liF1V3LVAzS1,Argentina,top200,MOVE_DOWN,94691.0
Blinding Lights,68,2021-01-01,The Weeknd,https://open.spotify.com/track/0VjIjW4GlUZAMYd2vXMi3b,Argentina,top200,MOVE_DOWN,94094.0
TE MUDASTE,69,2021-01-01,Bad Bunny,https://open.spotify.com/track/5RubKOuDoPn5Kj5TLVxSxY,Argentina,top200,MOVE_DOWN,93842.0
Jurabas Tu,70,2021-01-01,Los del Fuego,https://open.spotify.com/track/5ISajXj2M1yvkrC0KsgbR5,Argentina,top200,MOVE_UP,93542.0
Ayer Me Llamó Mi Ex (feat. Lenny Santos),71,2021-01-01,KHEA,https://open.spotify.com/track/6C6mUonH6MNdSg5pw7kOc9,Argentina,top200,MOVE_DOWN,93506.0
Mentirosa,72,2021-01-01,Rafaga,https://open.spotify.com/track/2e3fohSwZ9nU6Q2tks0fFz,Argentina,top200,NEW_ENTRY,92824.0
Deja De Llorar,73,2021-01-01,El Polaco,https://open.spotify.com/track/3tddzXTgneWrkV2cYNUBZe,Argentina,top200,MOVE_UP,92439.0
Azul,74,2021-01-01,J Balvin,https://open.spotify.com/track/2lCkncy6bIB0LTMT7kvrD1,Argentina,top200,MOVE_DOWN,92291.0
Flasheaste Amor,75,2021-01-01,"Agapornis, Hernan y La Champion's Liga, Lauro",https://open.spotify.com/track/2ACgvo2Kx4LgWqQ2amvM5C,Argentina,top200,MOVE_UP,92245.0
"Agua (with J Balvin) - Music From ""Sponge On The Run"" Movie",76,2021-01-01,Tainy,https://open.spotify.com/track/1pqnQ41XbfKjaFu6M0eGJp,Argentina,top200,MOVE_DOWN,91784.0
La mano de Dios (Homenaje a Diego Maradona),77,2021-01-01,Rodrigo,https://open.spotify.com/track/5s8onl5Lw5q1AijP5BUm7G,Argentina,top200,NEW_ENTRY,89273.0
Yo Tomo Licor,78,2021-01-01,Amar Azul,https://open.spotify.com/track/5EHRc2WJASyZg3alJqsbqU,Argentina,top200,NEW_ENTRY,89184.0
Soy Cordobes,79,2021-01-01,Rodrigo,https://open.spotify.com/track/5wG4J1UECH0c42YhMhSkcS,Argentina,top200,NEW_ENTRY,84373.0
Te Vas a Arrepentir,80,2021-01-01,La Nueva Luna,https://open.spotify.com/track/5Rb1YFwlxt1AgMaqbOpZzf,Argentina,top200,NEW_ENTRY,84129.0
Pininfarina - Remix,81,2021-01-01,"Rei, Neo Pistea, Duki",https://open.spotify.com/track/1mVLbFwad1wce7mAhFw2Ih,Argentina,top200,MOVE_DOWN,83389.0
DUDADE,82,2021-01-01,"Dillom, Evar, Omar Varela",https://open.spotify.com/track/1mjHyr9e7uP0QisX3y7a6T,Argentina,top200,MOVE_DOWN,81222.0
Adicto A Ti,83,2021-01-01,Walter Olmos,https://open.spotify.com/track/0Ldh6OMRNPUAkDazVwnKWP,Argentina,top200,NEW_ENTRY,80165.0
La Playax,84,2021-01-01,Fer Palacio,https://open.spotify.com/track/40fOB5r0wfKzcKZU0SkrAI,Argentina,top200,MOVE_UP,80110.0
Watermelon Sugar,85,2021-01-01,Harry Styles,https://open.spotify.com/track/6UelLqGlWMcVH1E5c4H7lY,Argentina,top200,MOVE_DOWN,79094.0
La Cabaña,86,2021-01-01,La K'onga,https://open.spotify.com/track/2cTKuxpHcPzDFRbbhE2WxP,Argentina,top200,NEW_ENTRY,78035.0
Iluminará,87,2021-01-01,La Nueva Luna,https://open.spotify.com/track/76BnEV7y0FIyDodcCt9sxC,Argentina,top200,NEW_ENTRY,76950.0
No Bailes Sola,88,2021-01-01,"Danna Paola, Sebastian Yatra",https://open.spotify.com/track/1GNSWpe2SB30zYGbNTD96b,Argentina,top200,MOVE_DOWN,75334.0
Hitazos: Amores Como el Nuestro / Que Fue / Algún día / Tu Amor Me Quema / Arrepiéntete / Tarjetita de Invitación / Empujaito / Si Tu Te Vas / El Aguacero / Tu Juguete / Mujer Que Mal Me Pagas...,89,2021-01-01,"Daniel Cardozo, Dario y Su Grupo Angora, Los del Fuego, Sebastian Mendoza, Daniel Agostini, La Nueva Luna, Grupo Green, Grupo Red, 7 Lunas, Antonio Rios, Adrián y Los Dados Negros, Lia Crucet, Gilda, Alcides, Los Palmeras, Koli Arce, Supermerk2, Leo Mattioli, Bronco, Grupo Veneno, Mario Luis",https://open.spotify.com/track/2ZixSR7OKIpdPUk4dwOekn,Argentina,top200,NEW_ENTRY,75282.0
Tú Me Dejaste De Querer,90,2021-01-01,"C. Tangana, Niño de Elche, La Húngara",https://open.spotify.com/track/0XinBYhf1X3kdvKQHOX971,Argentina,top200,MOVE_DOWN,75204.0
El Efecto - Remix,91,2021-01-01,"Rauw Alejandro, Chencho Corleone, KEVVO, Bryant Myers, Lyanno, Dalex",https://open.spotify.com/track/74j34STf8L6uADnTN69ohv,Argentina,top200,MOVE_DOWN,74784.0
Nunca me Faltes,92,2021-01-01,Antonio Rios,https://open.spotify.com/track/3YCcsuRdJArE4rsAG5V3sW,Argentina,top200,NEW_ENTRY,74783.0
Me Vas a Ver,93,2021-01-01,El Reja,https://open.spotify.com/track/77ELHW62FXS5ZGWNbcvgY0,Argentina,top200,MOVE_DOWN,74011.0
Playa,94,2021-01-01,TINI,https://open.spotify.com/track/3OYk6SZD86hLCR8tCebf89,Argentina,top200,MOVE_DOWN,73378.0
La Luz,95,2021-01-01,"Sech, J Balvin",https://open.spotify.com/track/5zj8WNkBrEzlI5FKeYV4ol,Argentina,top200,MOVE_DOWN,73177.0
Dime si eres feliz,96,2021-01-01,La Champions Liga,https://open.spotify.com/track/2FsKAVOxpmnxhxmEsqrZOD,Argentina,top200,NEW_ENTRY,73139.0
Inocente,97,2021-01-01,La Delio Valdez,https://open.spotify.com/track/7g6taDbEMUIhsvyFaexjDi,Argentina,top200,MOVE_UP,72570.0
Amor (Ft. Mon Laferte) - MTV Unplugged,98,2021-01-01,Los Auténticos Decadentes,https://open.spotify.com/track/1QjfU3jkGInap7Vm9lVJIQ,Argentina,top200,MOVE_UP,72148.0
Fue Difícil,99,2021-01-01,Rodrigo Tapari,https://open.spotify.com/track/3p9UeIicVHsdEUBucLJqes,Argentina,top200,MOVE_UP,72133.0
Bésame - Remix,100,2021-01-01,"El Reja, Lira, Rombai, Hernan y La Champion's Liga",https://open.spotify.com/track/0pqec6C3SFkOAyDIoYYNPG,Argentina,top200,MOVE_DOWN,71327.0
Ojitos Chiquititos,101,2021-01-01,"The La Planta, La Kuppe, Pushi",https://open.spotify.com/track/2bGEoSwvtIi5el0jyeLbmn,Argentina,top200,SAME_POSITION,70628.0
Se Parece Más A Ti,102,2021-01-01,Jambao,https://open.spotify.com/track/4bWdlExSeKAotB6uJwxFlf,Argentina,top200,NEW_ENTRY,70314.0
El Mismo Aire,103,2021-01-01,La K'onga,https://open.spotify.com/track/7onMf0QvWgRba2MRxG27yj,Argentina,top200,MOVE_UP,69684.0
2:50,104,2021-01-01,MYA,https://open.spotify.com/track/5xlxSHnvXwT66JWYwDkEFE,Argentina,top200,MOVE_DOWN,69432.0
Tramposa Y Mentirosa,105,2021-01-01,Leo Mattioli,https://open.spotify.com/track/6KzeUBu1BE8q24CblG6oku,Argentina,top200,MOVE_UP,68495.0
Reloj - Remix,106,2021-01-01,"Alan Gomez, Maty Deejay",https://open.spotify.com/track/0gFrjV5KI2KU0qR6nBn4PR,Argentina,top200,MOVE_DOWN,68081.0
Caramelo - Remix,107,2021-01-01,"Ozuna, KAROL G, Myke Towers",https://open.spotify.com/track/67jvGGbJmOmVonlyX3mNkV,Argentina,top200,MOVE_DOWN,68052.0
Hola - Remix,108,2021-01-01,"Dalex, Lenny Tavárez, Chencho Corleone, Juhn, Dímelo Flow",https://open.spotify.com/track/5stPVcRqb4qixbafP9e8lt,Argentina,top200,MOVE_DOWN,67829.0
Es Tan Grande Este Amor,109,2021-01-01,Rodrigo Tapari,https://open.spotify.com/track/2jV2BWkFNLbqOb8wqVR9iC,Argentina,top200,MOVE_UP,66817.0
Amor Clasificado,110,2021-01-01,Rodrigo,https://open.spotify.com/track/5MK642wCaNr9hRDZ3kWyDX,Argentina,top200,NEW_ENTRY,66796.0
Jangueox,111,2021-01-01,Fer Palacio,https://open.spotify.com/track/5Zxq7UC7Iqv9pfZdq3rAcQ,Argentina,top200,MOVE_UP,66736.0
Don't Start Now,112,2021-01-01,Dua Lipa,https://open.spotify.com/track/3PfIrDoz19wz7qK7tYeu62,Argentina,top200,MOVE_DOWN,66176.0
Una Ráfaga de Amor,113,2021-01-01,Rafaga,https://open.spotify.com/track/4i5NFoPWqTqlsR4WyoVFtB,Argentina,top200,NEW_ENTRY,65375.0
Si Te Vas - Vivo,114,2021-01-01,"Damas Gratis, El Mago Y La Nueva",https://open.spotify.com/track/4v17MVpCUu5l2p0mSlw8PK,Argentina,top200,MOVE_UP,65250.0
Yo Perreo Sola,115,2021-01-01,Bad Bunny,https://open.spotify.com/track/0SqqAgdovOE24BzxIClpjw,Argentina,top200,MOVE_UP,65071.0
Cómo Te Voy A Olvidar,116,2021-01-01,Los Ángeles Azules,https://open.spotify.com/track/1hxyzHlH7qS3AZdOj6GmIO,Argentina,top200,NEW_ENTRY,64680.0
Como Le Digo,117,2021-01-01,Rodrigo,https://open.spotify.com/track/4nH1lpWkgzQPpTYPPjWKaI,Argentina,top200,NEW_ENTRY,64530.0
Dance Monkey,118,2021-01-01,Tones And I,https://open.spotify.com/track/1rgnBhdG2JDFTbYkYRZAku,Argentina,top200,MOVE_DOWN,64515.0
Ahora Mírame,119,2021-01-01,Ulises Bueno,https://open.spotify.com/track/4EOTkRt48d1Eu31V2o4mNw,Argentina,top200,NEW_ENTRY,63854.0
Llorarás Más De Diez Veces,120,2021-01-01,Leo Mattioli,https://open.spotify.com/track/2IuLxgL5dd02AeF5FSygjQ,Argentina,top200,MOVE_UP,63771.0
El Cielo a un Diablo,121,2021-01-01,"The La Planta, Pushi",https://open.spotify.com/track/00fuxcwUgNfmoqBeP63MN7,Argentina,top200,MOVE_DOWN,63447.0
Por Primera Vez,122,2021-01-01,"Camilo, Evaluna Montaner",https://open.spotify.com/track/0pgj4EzB1XRqgZemoMNG5D,Argentina,top200,MOVE_DOWN,63159.0
Tutu,123,2021-01-01,"Camilo, Pedro Capó",https://open.spotify.com/track/1Ol5LmdNDNpFu1oNwfgkux,Argentina,top200,MOVE_DOWN,62466.0
Fabuloso - Remix,124,2021-01-01,"Alan Gomez, Maty Deejay",https://open.spotify.com/track/2QgxGaFetd1Muqx6AaZDw3,Argentina,top200,MOVE_DOWN,62310.0
Fuiste,125,2021-01-01,Gilda,https://open.spotify.com/track/3jxP1S0xXvPBry3scDZj6h,Argentina,top200,NEW_ENTRY,62192.0
Djadja (feat. Maluma) - Remix,126,2021-01-01,Aya Nakamura,https://open.spotify.com/track/13vDU8nPsvTGEVTMB8Vw7g,Argentina,top200,MOVE_DOWN,62183.0
Cuando Me Enamoro,127,2021-01-01,Banda XXI,https://open.spotify.com/track/03wQrSM0nV1WyPIgWvapG4,Argentina,top200,NEW_ENTRY,62061.0
Mood (feat. iann dior),128,2021-01-01,24kGoldn,https://open.spotify.com/track/3tjFYV6RSFtuktYl3ZtYcq,Argentina,top200,MOVE_DOWN,61632.0
Ponte Pa' Mix,129,2021-01-01,Fer Palacio,https://open.spotify.com/track/27RbEsHY7OdniHk3sepP5k,Argentina,top200,MOVE_DOWN,61614.0
Tal Vez (Remix),130,2021-01-01,"El Reja, The La Planta",https://open.spotify.com/track/2tpYhYyKRsVOxiAnSSQyN0,Argentina,top200,MOVE_DOWN,61596.0
Relación Rota,131,2021-01-01,Alan Gomez,https://open.spotify.com/track/5DJU9Q0jXkv1AeEEMs9rtZ,Argentina,top200,MOVE_DOWN,61420.0
Márchate ahora,132,2021-01-01,Los Totora,https://open.spotify.com/track/3voxukrHBXctzxdSbCycey,Argentina,top200,NEW_ENTRY,60987.0
Seguir Viviendo Sin Tu Amor,133,2021-01-01,Luis Alberto Spinetta,https://open.spotify.com/track/2qBirMakpTdz9ymxrZEyzg,Argentina,top200,MOVE_DOWN,60523.0
Con la Misma Moneda,134,2021-01-01,Karina,https://open.spotify.com/track/3hI96DchNoc3QXMx3PK6UO,Argentina,top200,NEW_ENTRY,60459.0
Don Don,135,2021-01-01,"Daddy Yankee, Anuel AA, Kendo Kaponi",https://open.spotify.com/track/3kml9ZdpT7UYk1ugkjqOzt,Argentina,top200,MOVE_DOWN,60343.0
Después De Ti,136,2021-01-01,Leo Mattioli,https://open.spotify.com/track/6xXaikT6ok8RahSgnrJOqu,Argentina,top200,NEW_ENTRY,59695.0
Fumeteo Xxx,137,2021-01-01,Bruno Cabrera Dj,https://open.spotify.com/track/341H6yOTzGOlExN35DiPyM,Argentina,top200,MOVE_DOWN,58965.0
"Lean (feat. Towy, Osquel, Beltito & Sammy & Falsetto)",138,2021-01-01,"Super Yei, Jone Quest",https://open.spotify.com/track/5DoLhdU27owX1NMrKLUbUl,Argentina,top200,MOVE_DOWN,58743.0
Se Me Ha Perdido Un Corazón,139,2021-01-01,Gilda,https://open.spotify.com/track/2OzSJG7HmZYTiggNoGujZP,Argentina,top200,NEW_ENTRY,58685.0
Tan Enamorados,140,2021-01-01,CNCO,https://open.spotify.com/track/4z9b9AbzCw32Azqg8uJ0B6,Argentina,top200,MOVE_DOWN,58314.0
"La Curiosidad (feat. Dj Nelson, Jhay Cortez, Lunay & Kendo Kaponi) - Blue Grand Prix Remix",141,2021-01-01,"Jay Wheeler, Myke Towers, Rauw Alejandro",https://open.spotify.com/track/7LE1K0lZyRFZjSlrnm7lfD,Argentina,top200,MOVE_DOWN,58017.0
Nunca Es Suficiente,142,2021-01-01,"Los Ángeles Azules, Natalia Lafourcade",https://open.spotify.com/track/63USmok1OioBzKuWGW9wAg,Argentina,top200,NEW_ENTRY,56915.0
Quiéreme Mientras Se Pueda,143,2021-01-01,Manuel Turizo,https://open.spotify.com/track/34LI7rwi9H8w2S5KTHnv1M,Argentina,top200,MOVE_DOWN,56457.0
Yo me Enamoré,144,2021-01-01,Amar Azul,https://open.spotify.com/track/6wWLC6V7TJ7NEygWHc1CFh,Argentina,top200,NEW_ENTRY,56430.0
Me Muero de Amor - En Vivo,145,2021-01-01,"Damas Gratis, El Viejo Marquez",https://open.spotify.com/track/1vX3eIWSPr9EH3nSy1JhMN,Argentina,top200,NEW_ENTRY,56270.0
Tres Noches,146,2021-01-01,Super Quinteto,https://open.spotify.com/track/1xQOHSb0ZZWlTlBCF7PLbo,Argentina,top200,NEW_ENTRY,56137.0
El Mismo Aire - con Pablo Alborán,147,2021-01-01,Camilo,https://open.spotify.com/track/5EbtodsuLbxrFDH6j5avVS,Argentina,top200,MOVE_DOWN,55804.0
Paisaje,148,2021-01-01,Gilda,https://open.spotify.com/track/6NipZljiEekGRNF6vddEP3,Argentina,top200,NEW_ENTRY,55694.0
La Pollera Amarilla,149,2021-01-01,"Gladys ""La bomba tucumana""",https://open.spotify.com/track/03G43mO3a34IGIsyDd4sj5,Argentina,top200,NEW_ENTRY,55596.0
Ella Dice,150,2021-01-01,"TINI, KHEA",https://open.spotify.com/track/4tUEgOSgpQ1E70gpvPcUPm,Argentina,top200,MOVE_DOWN,55539.0
Voy a Olvidarme de Mí,151,2021-01-01,Mario Luis,https://open.spotify.com/track/1y72JYcQSfmd0KLbmPOgCi,Argentina,top200,NEW_ENTRY,55283.0
El Embrujo,152,2021-01-01,"Los Palmeras, Coti",https://open.spotify.com/track/2wT37dwufck9sdSghYeew0,Argentina,top200,NEW_ENTRY,55263.0
Y La Hice Llorar,153,2021-01-01,"Los Ángeles Azules, Abel Pintos",https://open.spotify.com/track/06JpmZhd76BpCngRKdVfwE,Argentina,top200,NEW_ENTRY,54949.0
Flow anti dea - Remix,154,2021-01-01,Alan Gomez,https://open.spotify.com/track/3zdEuCK4xs12AMmvAh3kIn,Argentina,top200,MOVE_DOWN,54926.0
Olvídala,155,2021-01-01,Banda XXI,https://open.spotify.com/track/1cJNFxiyjh8Ooqg5U4752G,Argentina,top200,NEW_ENTRY,54046.0
Relación,156,2021-01-01,Sech,https://open.spotify.com/track/3ZG8N7aWw2meb6UrI5ZmnZ,Argentina,top200,MOVE_DOWN,54030.0
Rojo,157,2021-01-01,J Balvin,https://open.spotify.com/track/380HmhwTE2NJgawn1NwkXi,Argentina,top200,MOVE_DOWN,53978.0
Si Me Dices Que Sí,158,2021-01-01,"Reik, Farruko, Camilo",https://open.spotify.com/track/56Ta1O7Jxxpjnc6cWdDKUo,Argentina,top200,MOVE_DOWN,53969.0
Previa y Cachengue 31 - Remix,159,2021-01-01,Fer Palacio,https://open.spotify.com/track/4jrJJ5cixI1URrM9pVGdBP,Argentina,top200,NEW_ENTRY,53312.0
Safaera,160,2021-01-01,"Bad Bunny, Jowell & Randy, Ñengo Flow",https://open.spotify.com/track/2DEZmgHKAvm41k4J3R2E9Y,Argentina,top200,MOVE_DOWN,53272.0
Corazon Mentiroso,161,2021-01-01,Karina,https://open.spotify.com/track/12vjZJEWFst8vhW4k9saOv,Argentina,top200,NEW_ENTRY,52922.0
Lo Mejor del Amor,162,2021-01-01,Rodrigo,https://open.spotify.com/track/7g8FwoWCD7MzMOVN5ZgNkz,Argentina,top200,NEW_ENTRY,52863.0
Te perdiste mi amor,163,2021-01-01,La K'onga,https://open.spotify.com/track/79pz16ngfYU2iZV0dvj3QU,Argentina,top200,NEW_ENTRY,51959.0
Pega la Vuelta,164,2021-01-01,Grupo Sombras,https://open.spotify.com/track/51seuwibGTQsUod6oScKtR,Argentina,top200,NEW_ENTRY,51844.0
Miedito o Qué? (feat. KAROL G),165,2021-01-01,"Ovy On The Drums, Danny Ocean",https://open.spotify.com/track/7MoZgM6AsQaZw14WnKopuy,Argentina,top200,MOVE_DOWN,51640.0
Tak Tiki Tak,166,2021-01-01,Harry Nach,https://open.spotify.com/track/7gwwt1IaAWwmB7af0AcuBM,Argentina,top200,MOVE_DOWN,51548.0
Fresa,167,2021-01-01,"TINI, Lalo Ebratt",https://open.spotify.com/track/0LzzrTU0t5sktycXOhViX4,Argentina,top200,MOVE_DOWN,51273.0
Por lo que yo te quiero,168,2021-01-01,Walter Olmos,https://open.spotify.com/track/6q8IfvTRGvi2IZUmkavsr9,Argentina,top200,NEW_ENTRY,51199.0
Llora me llama,169,2021-01-01,Grupo Play,https://open.spotify.com/track/4AN9FuUhpHnaiVw8ZsLu2V,Argentina,top200,NEW_ENTRY,50895.0
Dynamite,170,2021-01-01,BTS,https://open.spotify.com/track/4saklk6nie3yiGePpBwUoc,Argentina,top200,MOVE_DOWN,50808.0
Sólo con un Beso,171,2021-01-01,Los Totora,https://open.spotify.com/track/5ucrujpVC5pPdxNR42guhh,Argentina,top200,NEW_ENTRY,50627.0
Tussi,172,2021-01-01,"Arcangel, Justin Quiles, Eladio Carrion, De La Ghetto",https://open.spotify.com/track/3pnpENd2PXAKuetjLIylEr,Argentina,top200,MOVE_DOWN,49980.0
Travesuras,173,2021-01-01,"Flow La Movie, Nio Garcia, Casper Magico",https://open.spotify.com/track/2etJ67Egf7woMgOikVrlJM,Argentina,top200,MOVE_DOWN,49828.0
Violeta,174,2021-01-01,Alcides,https://open.spotify.com/track/44ZRUhwJopErgSsvJ8iH7I,Argentina,top200,NEW_ENTRY,49611.0
A Mi Lado,175,2021-01-01,Dani Ribba,https://open.spotify.com/track/6cvMmviJTZTBOFh2ohwZg6,Argentina,top200,MOVE_DOWN,49518.0
Me Gusta,176,2021-01-01,Ciro y los Persas,https://open.spotify.com/track/3pMo77B4r1NwwIK78lO4xf,Argentina,top200,MOVE_DOWN,48945.0
Cómo Te Voy A Olvidar,177,2021-01-01,"Los Ángeles Azules, Vicentico",https://open.spotify.com/track/5So0BQXvJfNt6x6OzzOFEZ,Argentina,top200,NEW_ENTRY,48639.0
Quiereme,178,2021-01-01,Jean Carlos,https://open.spotify.com/track/2749jULVf3n93RHzAIpmTi,Argentina,top200,NEW_ENTRY,48547.0
PORFA,179,2021-01-01,"Feid, Justin Quiles",https://open.spotify.com/track/4TOmcZvw0gHa7GiXRbcYAW,Argentina,top200,MOVE_DOWN,48358.0
GIRL LIKE ME,180,2021-01-01,"Black Eyed Peas, Shakira",https://open.spotify.com/track/2vBET2pmrQqafaS6zIaYta,Argentina,top200,MOVE_DOWN,48146.0
Cinco Minutos,181,2021-01-01,El Gordo Luis,https://open.spotify.com/track/2mDq3mPvdpwE8zAXpRXE0b,Argentina,top200,NEW_ENTRY,48063.0
Si Me Tomo una Cerveza - Remix,182,2021-01-01,DJ Alex,https://open.spotify.com/track/2Q8a5amYAGIueL9mZrzSoh,Argentina,top200,MOVE_UP,47805.0
Perra,183,2021-01-01,"Los Palmeras, Filarmónica de Santa Fe",https://open.spotify.com/track/5HgNYJmYucAPD2UpuQfL3t,Argentina,top200,NEW_ENTRY,47540.0
Pistola,184,2021-01-01,"L-Gante, El Mas Ladron, DT.Bilardo",https://open.spotify.com/track/2OEVXCvrzJfpZaIPwsR99i,Argentina,top200,MOVE_DOWN,46908.0
Flaca,185,2021-01-01,Andrés Calamaro,https://open.spotify.com/track/1p7m9H4H8s0Y7SgRm7j3ED,Argentina,top200,MOVE_DOWN,46633.0
China,186,2021-01-01,"Anuel AA, Daddy Yankee, KAROL G, Ozuna, J Balvin",https://open.spotify.com/track/0KkIkfsLEJbrcIhYsCL7L5,Argentina,top200,MOVE_DOWN,46612.0
Hawái - Remix,187,2021-01-01,"Maluma, The Weeknd",https://open.spotify.com/track/0GzuHFG4Ql6DoyxFRnIk3F,Argentina,top200,MOVE_DOWN,46612.0
La Jeepeta (Remix) [DJ Alan & Jona Mix Version],188,2021-01-01,Alan Gomez,https://open.spotify.com/track/4h7RYyJA1jVaURg3JO7T2y,Argentina,top200,MOVE_UP,46554.0
Calma - Remix,189,2021-01-01,"Pedro Capó, Farruko",https://open.spotify.com/track/4U0JLGFHJpEnDS5w8F7ngE,Argentina,top200,NEW_ENTRY,46541.0
Llegó Tu Papi,190,2021-01-01,Sabroso,https://open.spotify.com/track/2rH0wmizsjwSW3MY288347,Argentina,top200,NEW_ENTRY,46259.0
Más De La Una,191,2021-01-01,"Piso 21, Maluma",https://open.spotify.com/track/69Y5IZuBvGyzySFt5x7kCq,Argentina,top200,MOVE_DOWN,45856.0
Q' Tal,192,2021-01-01,Damián Córdoba,https://open.spotify.com/track/6KaxyYZhOU04b8IlJk7qOl,Argentina,top200,NEW_ENTRY,45708.0
Mil Horas,193,2021-01-01,Los Abuelos De La Nada,https://open.spotify.com/track/4FZIztgQEU30qwgDMq5oPT,Argentina,top200,MOVE_DOWN,45681.0
Mirenla,194,2021-01-01,Ciro y los Persas,https://open.spotify.com/track/027NtsXW0vpDFhzxsJKmTL,Argentina,top200,MOVE_DOWN,45266.0
Una Locura - Remix,195,2021-01-01,"Bebe DJ, Maxi Jayat",https://open.spotify.com/track/029AjreWZkfhdUn1bruyrG,Argentina,top200,MOVE_DOWN,45221.0
Esa Nalga Brinca,196,2021-01-01,Dj Raulito,https://open.spotify.com/track/0QybGDVxDgJ2KQia5JK25y,Argentina,top200,NEW_ENTRY,45192.0
Juntos a la Par,197,2021-01-01,Pappo,https://open.spotify.com/track/1Ig4pCPanhzXl7C86MmBUc,Argentina,top200,MOVE_DOWN,45051.0
La Noche Sin Tí,198,2021-01-01,Los Huayra,https://open.spotify.com/track/6dT5W7zuEcUZHnZuVlSIJ5,Argentina,top200,MOVE_DOWN,44892.0
Spaghetti del Rock,199,2021-01-01,Divididos,https://open.spotify.com/track/6rg1MBZqggsQ5olFGTw0rr,Argentina,top200,MOVE_DOWN,44737.0
Lo intentamos,200,2021-01-01,La Sonora Master,https://open.spotify.com/track/5p3WKTIeGOtgv8EpCbBIv9,Argentina,top200,NEW_ENTRY,44636.0
WITHOUT YOU,1,2021-01-01,The Kid LAROI,https://open.spotify.com/track/27OeeYzk6klgBh83TSvGMA,Australia,top200,MOVE_UP,160579.0
Mood (feat. iann dior),2,2021-01-01,24kGoldn,https://open.spotify.com/track/3tjFYV6RSFtuktYl3ZtYcq,Australia,top200,MOVE_DOWN,154742.0
positions,3,2021-01-01,Ariana Grande,https://open.spotify.com/track/35mvY5S1H3J2QZyna3TFe0,Australia,top200,MOVE_UP,133446.0
Head & Heart (feat. MNEK),4,2021-01-01,Joel Corry,https://open.spotify.com/track/6cx06DFPPHchuUAcTxznu9,Australia,top200,MOVE_DOWN,128617.0
Levitating (feat. DaBaby),5,2021-01-01,Dua Lipa,https://open.spotify.com/track/5nujrmhLynf4yMoMtj8AQF,Australia,top200,MOVE_UP,119790.0
SO DONE,6,2021-01-01,The Kid LAROI,https://open.spotify.com/track/3qgPpwtuRu5oP8EtFSj8HE,Australia,top200,MOVE_UP,119709.0
Blinding Lights,7,2021-01-01,The Weeknd,https://open.spotify.com/track/0VjIjW4GlUZAMYd2vXMi3b,Australia,top200,MOVE_DOWN,109038.0
Whoopty,8,2021-01-01,CJ,https://open.spotify.com/track/5vGLcdRuSbUhD8ScwsGSdA,Australia,top200,MOVE_UP,101762.0
34+35,9,2021-01-01,Ariana Grande,https://open.spotify.com/track/6Im9k8u9iIzKMrmV7BWtlF,Australia,top200,MOVE_UP,101672.0
What You Know Bout Love,10,2021-01-01,Pop Smoke,https://open.spotify.com/track/1tkg4EHVoqnhR6iFEXb60y,Australia,top200,MOVE_UP,101132.0
Therefore I Am,11,2021-01-01,Billie Eilish,https://open.spotify.com/track/54bFM56PmE4YLRnqpW6Tha,Australia,top200,MOVE_UP,98239.0
Afterglow,12,2021-01-01,Ed Sheeran,https://open.spotify.com/track/0E4Y1XIbs8GrAT1YqVy6dq,Australia,top200,MOVE_UP,96539.0
you broke me first,13,2021-01-01,Tate McRae,https://open.spotify.com/track/45bE4HXI0AwGZXfZtMp8JR,Australia,top200,MOVE_UP,95357.0
Dreams - 2004 Remaster,14,2021-01-01,Fleetwood Mac,https://open.spotify.com/track/0ofHAoxe9vBkTCp2UQIavz,Australia,top200,MOVE_DOWN,93539.0
"Lemonade (feat. Gunna, Don Toliver & NAV)",15,2021-01-01,Internet Money,https://open.spotify.com/track/7hxHWCCAIIxFLCzvDgnQHX,Australia,top200,MOVE_UP,89332.0
Watermelon Sugar,16,2021-01-01,Harry Styles,https://open.spotify.com/track/6UelLqGlWMcVH1E5c4H7lY,Australia,top200,MOVE_DOWN,88205.0
willow,17,2021-01-01,Taylor Swift,https://open.spotify.com/track/3Uo7WG0vmLQ07WB4BDwy7D,Australia,top200,MOVE_UP,87661.0
Fly Away,18,2021-01-01,Tones And I,https://open.spotify.com/track/5ri4zqtWhG07hIuNNDWP76,Australia,top200,MOVE_UP,87239.0
WAP (feat. Megan Thee Stallion),19,2021-01-01,Cardi B,https://open.spotify.com/track/4Oun2ylbjFKMPTiaSbbCih,Australia,top200,MOVE_DOWN,86298.0
Holy (feat. Chance The Rapper),20,2021-01-01,Justin Bieber,https://open.spotify.com/track/5u1n1kITHCxxp8twBcZxWy,Australia,top200,SAME_POSITION,85448.0
Dynamite,21,2021-01-01,BTS,https://open.spotify.com/track/4saklk6nie3yiGePpBwUoc,Australia,top200,MOVE_UP,81630.0
Take You Dancing,22,2021-01-01,Jason Derulo,https://open.spotify.com/track/59qrUpoplZxbIZxk6X0Bm3,Australia,top200,SAME_POSITION,81361.0
Monster (Shawn Mendes & Justin Bieber),23,2021-01-01,Shawn Mendes,https://open.spotify.com/track/1HbA4N1MiOsPthALesGFR1,Australia,top200,MOVE_UP,79955.0
Lasting Lover,24,2021-01-01,"Sigala, James Arthur",https://open.spotify.com/track/0DmAvNCAK08oCi7miSZUIY,Australia,top200,MOVE_DOWN,79558.0
Roses - Imanbek Remix,25,2021-01-01,SAINt JHN,https://open.spotify.com/track/0zLCBJZSiELJf02ucPP9wb,Australia,top200,MOVE_DOWN,77128.0
Dance Monkey,26,2021-01-01,Tones And I,https://open.spotify.com/track/1rgnBhdG2JDFTbYkYRZAku,Australia,top200,MOVE_DOWN,76699.0
Heat Waves,27,2021-01-01,Glass Animals,https://open.spotify.com/track/02MWAaffLxlfxAUY7c5dvx,Australia,top200,MOVE_UP,76497.0
Prisoner (feat. Dua Lipa),28,2021-01-01,Miley Cyrus,https://open.spotify.com/track/2Oycxb8QbPkpHTo8ZrmG0B,Australia,top200,MOVE_UP,76035.0
ROCKSTAR (feat. Roddy Ricch),29,2021-01-01,DaBaby,https://open.spotify.com/track/7ytR5pFWmSjzHJIeQkgog4,Australia,top200,MOVE_DOWN,75716.0
Put Your Records On,30,2021-01-01,Ritt Momney,https://open.spotify.com/track/6AGOKlMZWLCaEJGnaROtF9,Australia,top200,SAME_POSITION,75591.0
HOLIDAY,31,2021-01-01,Lil Nas X,https://open.spotify.com/track/6zFMeegAMYQo0mt8rXtrli,Australia,top200,MOVE_UP,73190.0
Someone You Loved,32,2021-01-01,Lewis Capaldi,https://open.spotify.com/track/7qEHsqek33rTcFNT9PFqLf,Australia,top200,MOVE_UP,71908.0
Paradise (feat. Dermot Kennedy),33,2021-01-01,MEDUZA,https://open.spotify.com/track/6ft4hAq6yde8jPZY2i5zLr,Australia,top200,MOVE_UP,71649.0
Breaking Me,34,2021-01-01,"Topic, A7S",https://open.spotify.com/track/3H7ihDc1dqLriiWXwsc2po,Australia,top200,MOVE_DOWN,71098.0
Savage Love (Laxed - Siren Beat),35,2021-01-01,"Jawsh 685, Jason Derulo",https://open.spotify.com/track/1xQ6trAsedVPCdbtDAmk0c,Australia,top200,MOVE_DOWN,70055.0
Circles,36,2021-01-01,Post Malone,https://open.spotify.com/track/21jGcNKet2qwijlDFuPiPb,Australia,top200,MOVE_DOWN,66936.0
Anyone,37,2021-01-01,Justin Bieber,https://open.spotify.com/track/31qCy5ZaophVA81wtlwLc4,Australia,top200,NEW_ENTRY,65976.0
Don't Start Now,38,2021-01-01,Dua Lipa,https://open.spotify.com/track/3PfIrDoz19wz7qK7tYeu62,Australia,top200,MOVE_DOWN,64640.0
SEND IT!,39,2021-01-01,Hooligan Hefs,https://open.spotify.com/track/3QcKhQwiyrQACTeb2pdi3u,Australia,top200,MOVE_DOWN,64613.0
One Too Many,40,2021-01-01,"Keith Urban, P!nk",https://open.spotify.com/track/3X7H1FAiWAW937WvsFeMhe,Australia,top200,MOVE_UP,63863.0
Mr. Brightside,41,2021-01-01,The Killers,https://open.spotify.com/track/003vvx7Niy0yvhvHt4a68B,Australia,top200,MOVE_DOWN,60137.0
Reminds Me Of You,42,2021-01-01,"Juice WRLD, The Kid LAROI",https://open.spotify.com/track/5YSHygGN9D0mID1NsVd5my,Australia,top200,MOVE_UP,59931.0
Wonder,43,2021-01-01,Shawn Mendes,https://open.spotify.com/track/6ZuahEctZD6w75peme58hm,Australia,top200,MOVE_UP,59583.0
Lonely (with benny blanco),44,2021-01-01,Justin Bieber,https://open.spotify.com/track/4y4spB9m0Q6026KfkAvy9Q,Australia,top200,MOVE_UP,59027.0
Before You Go,45,2021-01-01,Lewis Capaldi,https://open.spotify.com/track/2gMXnyrvIjhVBUZwvLZDMP,Australia,top200,MOVE_UP,58986.0
For The Night (feat. Lil Baby & DaBaby),46,2021-01-01,Pop Smoke,https://open.spotify.com/track/0PvFJmanyNQMseIFrU708S,Australia,top200,MOVE_UP,58734.0
Some Say - Felix Jaehn Remix,47,2021-01-01,Nea,https://open.spotify.com/track/7C1trmcQQ5n5RNy4l6ziCv,Australia,top200,MOVE_DOWN,56343.0
Good Days,48,2021-01-01,SZA,https://open.spotify.com/track/3YJJjQPAbDT7mGpX3WtQ9A,Australia,top200,MOVE_UP,55511.0
The Business,49,2021-01-01,Tiësto,https://open.spotify.com/track/6f3Slt0GbA2bPZlz0aIFXN,Australia,top200,MOVE_DOWN,54780.0
Midnight Sky,50,2021-01-01,Miley Cyrus,https://open.spotify.com/track/4i2qxFEVVUi8yOYoxB8TCX,Australia,top200,MOVE_DOWN,54279.0
Dancing In The Moonlight (feat. NEIMY),51,2021-01-01,Jubël,https://open.spotify.com/track/4GSDkZt7GcmzBWmsMcpaVO,Australia,top200,MOVE_DOWN,53971.0
my ex's best friend (with blackbear),52,2021-01-01,Machine Gun Kelly,https://open.spotify.com/track/7kDUspsoYfLkWnZR7qwHZl,Australia,top200,MOVE_UP,51008.0
Adore You,53,2021-01-01,Harry Styles,https://open.spotify.com/track/3jjujdWJ72nww5eGnfs2E7,Australia,top200,MOVE_UP,49146.0
Rain On Me (with Ariana Grande),54,2021-01-01,Lady Gaga,https://open.spotify.com/track/7ju97lgwC2rKQ6wwsf9no9,Australia,top200,MOVE_DOWN,48902.0
Wishing Well,55,2021-01-01,Juice WRLD,https://open.spotify.com/track/2U5WueTLIK5WJLD7mvDODv,Australia,top200,MOVE_UP,48162.0
Lucid Dreams,56,2021-01-01,Juice WRLD,https://open.spotify.com/track/285pBltuF7vW8TeWk8hdRR,Australia,top200,MOVE_UP,47763.0
Come & Go (with Marshmello),57,2021-01-01,Juice WRLD,https://open.spotify.com/track/2Y0wPrPQBrGhoLn14xRYCG,Australia,top200,MOVE_UP,47671.0
Sunflower - Spider-Man: Into the Spider-Verse,58,2021-01-01,"Post Malone, Swae Lee",https://open.spotify.com/track/0RiRZpuVRbi7oqRdSMwhQY,Australia,top200,MOVE_UP,47377.0
Golden,59,2021-01-01,Harry Styles,https://open.spotify.com/track/45S5WTQEGOB1VHr1Q4FuPl,Australia,top200,MOVE_UP,46586.0
death bed (coffee for your head),60,2021-01-01,"Powfu, beabadoobee",https://open.spotify.com/track/7eJMfftS33KTjuF7lTsMCx,Australia,top200,MOVE_UP,46215.0
Memories,61,2021-01-01,Maroon 5,https://open.spotify.com/track/2b8fOow8UzyDFAE27YhOZM,Australia,top200,MOVE_UP,46042.0
Laugh Now Cry Later (feat. Lil Durk),62,2021-01-01,Drake,https://open.spotify.com/track/2SAqBLGA283SUiwJ3xOUVI,Australia,top200,MOVE_UP,45711.0
Say You Won't Let Go,63,2021-01-01,James Arthur,https://open.spotify.com/track/5uCax9HTNlzGybIStD3vDh,Australia,top200,MOVE_UP,45549.0
Blueberry Faygo,64,2021-01-01,Lil Mosey,https://open.spotify.com/track/22LAwLoDA5b4AaGSkg6bKW,Australia,top200,MOVE_UP,44868.0
Mood Swings (feat. Lil Tjay),65,2021-01-01,Pop Smoke,https://open.spotify.com/track/5rZlwNFl01HqLWBQGryKSm,Australia,top200,MOVE_UP,43458.0
bad guy,66,2021-01-01,Billie Eilish,https://open.spotify.com/track/2Fxmhks0bxGSBdJ92vM42m,Australia,top200,MOVE_DOWN,43336.0
This City,67,2021-01-01,Sam Fischer,https://open.spotify.com/track/3H3r2nKWa3Yk5gt8xgmsEt,Australia,top200,MOVE_UP,43320.0
Sweater Weather,68,2021-01-01,The Neighbourhood,https://open.spotify.com/track/2QjOHCTQ1Jl3zawyYOpxh6,Australia,top200,MOVE_UP,42736.0
Shallow,69,2021-01-01,"Lady Gaga, Bradley Cooper",https://open.spotify.com/track/2VxeLyX666F8uXCJ0dZF8B,Australia,top200,MOVE_UP,42596.0
Intentions (feat. Quavo),70,2021-01-01,Justin Bieber,https://open.spotify.com/track/4umIPjkehX1r7uhmGvXiSV,Australia,top200,MOVE_UP,41582.0
Train Wreck,71,2021-01-01,James Arthur,https://open.spotify.com/track/55Am8neGJkdj2ADaM3aw5H,Australia,top200,NEW_ENTRY,41545.0
Robbery,72,2021-01-01,Juice WRLD,https://open.spotify.com/track/6Hj9jySrnFppAI0sEMCZpJ,Australia,top200,MOVE_UP,41386.0
I Don't Care (with Justin Bieber),73,2021-01-01,Ed Sheeran,https://open.spotify.com/track/0hVXuCcriWRGvwMV1r5Yn9,Australia,top200,MOVE_DOWN,41074.0
ALWAYS DO,74,2021-01-01,The Kid LAROI,https://open.spotify.com/track/3QCU8BT0zDS9LPVfEhRFEE,Australia,top200,MOVE_UP,41014.0
Body,75,2021-01-01,Megan Thee Stallion,https://open.spotify.com/track/0A1hoCfMLkiAgvhWkkucJa,Australia,top200,MOVE_UP,41001.0
Heather,76,2021-01-01,Conan Gray,https://open.spotify.com/track/4xqrdfXkTW4T0RauPLv3WA,Australia,top200,NEW_ENTRY,40813.0
Ride It,77,2021-01-01,Regard,https://open.spotify.com/track/2tnVG71enUj33Ic2nFN6kZ,Australia,top200,MOVE_DOWN,40607.0
Tyler Herro,78,2021-01-01,Jack Harlow,https://open.spotify.com/track/3w1WjD2zJqjBjDz5fwqQPJ,Australia,top200,MOVE_UP,40274.0
Secrets,79,2021-01-01,"Regard, RAYE",https://open.spotify.com/track/66W1rVTnEv86dIkFhoiElg,Australia,top200,MOVE_DOWN,40226.0
Be Alright,80,2021-01-01,Dean Lewis,https://open.spotify.com/track/5qrSlOut2rNAWv3ubArkNy,Australia,top200,MOVE_UP,40176.0
Riptide,81,2021-01-01,Vance Joy,https://open.spotify.com/track/7yq4Qj7cqayVTp3FF9CWbm,Australia,top200,MOVE_UP,40039.0
Never Seen the Rain,82,2021-01-01,Tones And I,https://open.spotify.com/track/2grAr8pWMuLWn8ZYEE9wDV,Australia,top200,MOVE_UP,39722.0
Youngblood,83,2021-01-01,5 Seconds of Summer,https://open.spotify.com/track/2iUXsYOEPhVqEBwsqP70rE,Australia,top200,MOVE_UP,39713.0
Go Crazy,84,2021-01-01,"Chris Brown, Young Thug",https://open.spotify.com/track/1IIKrJVP1C9N7iPtG6eOsK,Australia,top200,MOVE_DOWN,39705.0
Godzilla (feat. Juice WRLD),85,2021-01-01,Eminem,https://open.spotify.com/track/7FIWs0pqAYbP91WWM0vlTQ,Australia,top200,MOVE_UP,39470.0
The Box,86,2021-01-01,Roddy Ricch,https://open.spotify.com/track/0nbXyq5TXYPCO7pr3N8S4I,Australia,top200,MOVE_UP,39452.0
Everybody Rise,87,2021-01-01,Amy Shark,https://open.spotify.com/track/3eGmv9sxK60p8XIBLhBtC0,Australia,top200,MOVE_UP,39301.0
Go Your Own Way - 2004 Remaster,88,2021-01-01,Fleetwood Mac,https://open.spotify.com/track/07GvNcU1WdyZJq3XxP0kZa,Australia,top200,MOVE_DOWN,39294.0
I Wanna Dance with Somebody (Who Loves Me),89,2021-01-01,Whitney Houston,https://open.spotify.com/track/2tUBqZG2AbRi7Q0BIrVrEj,Australia,top200,MOVE_DOWN,39256.0
Sunday Best,90,2021-01-01,Surfaces,https://open.spotify.com/track/1Cv1YLb4q0RzL6pybtaMLo,Australia,top200,MOVE_DOWN,39230.0
Rushing Back,91,2021-01-01,"Flume, Vera Blue",https://open.spotify.com/track/2zoNNEAyPK2OGDfajardlY,Australia,top200,MOVE_DOWN,38925.0
Khe Sanh - 2011 Remastered,92,2021-01-01,Cold Chisel,https://open.spotify.com/track/0frIZMaQwtdV4Ee8nhB1te,Australia,top200,MOVE_DOWN,38531.0
Together,93,2021-01-01,Sia,https://open.spotify.com/track/5id3Rqn7SPj1LX4FfY4nGz,Australia,top200,MOVE_UP,38502.0
If the World Was Ending - feat. Julia Michaels,94,2021-01-01,JP Saxe,https://open.spotify.com/track/2kJwzbxV2ppxnQoYw4GLBZ,Australia,top200,MOVE_UP,38463.0
i miss u (with Au/Ra),95,2021-01-01,Jax Jones,https://open.spotify.com/track/7CH8J4ulT49UfZwSDSkSZA,Australia,top200,MOVE_DOWN,37999.0
The Less I Know The Better,96,2021-01-01,Tame Impala,https://open.spotify.com/track/6K4t31amVTZDgR3sKmwUJJ,Australia,top200,MOVE_DOWN,37846.0
pov,97,2021-01-01,Ariana Grande,https://open.spotify.com/track/3UoULw70kMsiVXxW0L3A33,Australia,top200,MOVE_UP,37819.0
Señorita,98,2021-01-01,"Shawn Mendes, Camila Cabello",https://open.spotify.com/track/6v3KW9xbzN5yKLt9YKDYA2,Australia,top200,MOVE_UP,37514.0
Lose Somebody,99,2021-01-01,"Kygo, OneRepublic",https://open.spotify.com/track/1sgDyuLooyvEML4oHspNza,Australia,top200,MOVE_UP,37309.0
GO (feat. Juice WRLD),100,2021-01-01,The Kid LAROI,https://open.spotify.com/track/2rPHUAeUPbNgTmK18FPTiZ,Australia,top200,NEW_ENTRY,37077.0
Party In The U.S.A.,101,2021-01-01,Miley Cyrus,https://open.spotify.com/track/3E7dfMvvCLUddWissuqMwr,Australia,top200,MOVE_DOWN,37052.0
Stuck with U (with Justin Bieber),102,2021-01-01,Ariana Grande,https://open.spotify.com/track/4HBZA5flZLE435QTztThqH,Australia,top200,MOVE_UP,36909.0
All Girls Are The Same,103,2021-01-01,Juice WRLD,https://open.spotify.com/track/4VXIryQMWpIdGgYR4TrjT1,Australia,top200,NEW_ENTRY,36519.0
Run to Paradise,104,2021-01-01,Choirboys,https://open.spotify.com/track/6Amt2E3nanH9lhZnas9oOs,Australia,top200,MOVE_DOWN,36400.0
Forever After All,105,2021-01-01,Luke Combs,https://open.spotify.com/track/6IBcOGPsniK3Pso1wHIhew,Australia,top200,MOVE_UP,36181.0
Falling,106,2021-01-01,Harry Styles,https://open.spotify.com/track/1ZMiCix7XSAbfAJlEZWMCp,Australia,top200,NEW_ENTRY,35982.0
Jocelyn Flores,107,2021-01-01,XXXTENTACION,https://open.spotify.com/track/7m9OqQk4RVRkw9JJdeAw96,Australia,top200,NEW_ENTRY,35906.0
Dior,108,2021-01-01,Pop Smoke,https://open.spotify.com/track/79s5XnCN4TJKTVMSmOx8Ep,Australia,top200,MOVE_UP,35763.0
July,109,2021-01-01,Noah Cyrus,https://open.spotify.com/track/6J2LdBN97cDWn0MLxYh9HB,Australia,top200,NEW_ENTRY,35685.0
ROXANNE,110,2021-01-01,Arizona Zervas,https://open.spotify.com/track/696DnlkuDOXcMAnKlTgXXK,Australia,top200,MOVE_UP,35287.0
Goosebumps,111,2021-01-01,HVME,https://open.spotify.com/track/20McUFi8KCIVdNDLrkTDuZ,Australia,top200,MOVE_UP,35279.0
Africa,112,2021-01-01,TOTO,https://open.spotify.com/track/2374M0fQpWi3dLnB54qaLX,Australia,top200,MOVE_DOWN,35197.0
Don't Stop Believin',113,2021-01-01,Journey,https://open.spotify.com/track/4bHsxqR3GMrXTxEPLuK5ue,Australia,top200,MOVE_DOWN,34993.0
Say So,114,2021-01-01,Doja Cat,https://open.spotify.com/track/3Dv1eDb0MEgF93GpLXlucZ,Australia,top200,MOVE_DOWN,34818.0
Love Not War (The Tampa Beat),115,2021-01-01,"Jason Derulo, Nuka",https://open.spotify.com/track/4Lt6GXGzYsa1tgkv3nGSTm,Australia,top200,MOVE_UP,34765.0
Perfect,116,2021-01-01,Ed Sheeran,https://open.spotify.com/track/0tgVpDi06FyKpA1z0VMD4v,Australia,top200,NEW_ENTRY,34588.0
Summer Of '69,117,2021-01-01,Bryan Adams,https://open.spotify.com/track/6N1EjQjnvhOjFrF6oUmGPa,Australia,top200,MOVE_DOWN,34575.0
Lose Control,118,2021-01-01,"MEDUZA, Becky Hill, Goodboys",https://open.spotify.com/track/7CHi4DtfK4heMlQaudCuHK,Australia,top200,MOVE_DOWN,34323.0
The Horses,119,2021-01-01,Daryl Braithwaite,https://open.spotify.com/track/5z6a02FGoVsXTrJ4GiVNxE,Australia,top200,MOVE_DOWN,34216.0
Pump It Up,120,2021-01-01,Endor,https://open.spotify.com/track/0GiwV6v3AgJfdu59tj719Y,Australia,top200,MOVE_DOWN,34197.0
Break My Heart,121,2021-01-01,Dua Lipa,https://open.spotify.com/track/017PF4Q3l4DBUiWoXk4OWT,Australia,top200,MOVE_UP,34101.0
Shape of You,122,2021-01-01,Ed Sheeran,https://open.spotify.com/track/7qiZfU4dY1lWllzX7mPBI3,Australia,top200,MOVE_DOWN,33924.0
Wake Me Up,123,2021-01-01,Avicii,https://open.spotify.com/track/0nrRP2bk19rLc0orkWPQk2,Australia,top200,MOVE_DOWN,33664.0
lovely (with Khalid),124,2021-01-01,Billie Eilish,https://open.spotify.com/track/0u2P5u6lvoDfwTYjAADbn4,Australia,top200,NEW_ENTRY,33624.0
Kings & Queens,125,2021-01-01,Ava Max,https://open.spotify.com/track/7a53HqqArd4b9NF4XAmlbI,Australia,top200,MOVE_DOWN,33515.0
What A Man Gotta Do,126,2021-01-01,Jonas Brothers,https://open.spotify.com/track/4wNIkl5XGiAACjFBlDWuSd,Australia,top200,MOVE_UP,33426.0
Wonderwall,127,2021-01-01,Oasis,https://open.spotify.com/track/1DadkoAI2gicYJfindPY20,Australia,top200,MOVE_DOWN,33397.0
To Her Door,128,2021-01-01,"Paul Kelly, The Messengers",https://open.spotify.com/track/4KZayGognbXUFNLYj4pPxH,Australia,top200,MOVE_DOWN,32873.0
I Gotta Feeling,129,2021-01-01,Black Eyed Peas,https://open.spotify.com/track/4kLLWz7srcuLKA7Et40PQR,Australia,top200,MOVE_DOWN,32836.0
Look into My Eyes,130,2021-01-01,Brando,https://open.spotify.com/track/7qF4tAE0PF6XJFEor6jQni,Australia,top200,MOVE_UP,32608.0
Everywhere - 2017 Remaster,131,2021-01-01,Fleetwood Mac,https://open.spotify.com/track/254bXAqt3zP6P50BdQvEsq,Australia,top200,MOVE_DOWN,32322.0
goosebumps,132,2021-01-01,Travis Scott,https://open.spotify.com/track/6gBFPUFcJLzWGx4lenP6h2,Australia,top200,NEW_ENTRY,32308.0
Pumped Up Kicks,133,2021-01-01,Foster The People,https://open.spotify.com/track/7w87IxuO7BDcJ3YUqCyMTT,Australia,top200,MOVE_DOWN,32241.0
My Happiness,134,2021-01-01,Powderfinger,https://open.spotify.com/track/2pxxVkNhrRST8fpgA12ru8,Australia,top200,MOVE_UP,32131.0
"10,000 Hours (with Justin Bieber)",135,2021-01-01,Dan + Shay,https://open.spotify.com/track/2wrJq5XKLnmhRXHIAf9xBa,Australia,top200,NEW_ENTRY,32040.0
Brown Eyed Girl,136,2021-01-01,Van Morrison,https://open.spotify.com/track/3yrSvpt2l1xhsV9Em88Pul,Australia,top200,MOVE_UP,31982.0
Beautiful People (feat. Khalid),137,2021-01-01,Ed Sheeran,https://open.spotify.com/track/70eFcWOvlMObDhURTqT4Fv,Australia,top200,NEW_ENTRY,31940.0
Dancing On My Own,138,2021-01-01,Calum Scott,https://open.spotify.com/track/2BOqDYLOJBiMOXShCV1neZ,Australia,top200,NEW_ENTRY,31924.0
Thinking out Loud,139,2021-01-01,Ed Sheeran,https://open.spotify.com/track/1Slwb6dOYkBlWal1PGtnNg,Australia,top200,NEW_ENTRY,31834.0
You Shook Me All Night Long,140,2021-01-01,AC/DC,https://open.spotify.com/track/2SiXAy7TuUkycRVbbWDEpo,Australia,top200,MOVE_DOWN,31778.0
hot girl bummer,141,2021-01-01,blackbear,https://open.spotify.com/track/2mt1IqcFyY1zmYZT8Q3xw9,Australia,top200,MOVE_UP,31704.0
Be Kind (with Halsey),142,2021-01-01,Marshmello,https://open.spotify.com/track/3Z8FwOEN59mRMxDCtb8N0A,Australia,top200,NEW_ENTRY,31686.0
Happier,143,2021-01-01,"Marshmello, Bastille",https://open.spotify.com/track/2dpaYNEQHiRxtZbfNsse99,Australia,top200,MOVE_UP,31630.0
I'm Good?,144,2021-01-01,Hilltop Hoods,https://open.spotify.com/track/1EuI95kVxZYLbENy8d6AOI,Australia,top200,MOVE_DOWN,31580.0
champagne problems,145,2021-01-01,Taylor Swift,https://open.spotify.com/track/0sY6ZUTh4yoctD8VIXz339,Australia,top200,NEW_ENTRY,31519.0
No Role Modelz,146,2021-01-01,J. Cole,https://open.spotify.com/track/62vpWI1CHwFy7tMIcSStl8,Australia,top200,NEW_ENTRY,31308.0
Bohemian Rhapsody - Remastered 2011,147,2021-01-01,Queen,https://open.spotify.com/track/4u7EnebtmKWzUH433cf5Qv,Australia,top200,MOVE_DOWN,31292.0
Bruises,148,2021-01-01,Lewis Capaldi,https://open.spotify.com/track/4Of7rzpRpV1mWRbhp5rAqG,Australia,top200,NEW_ENTRY,31264.0
"Hey, Soul Sister",149,2021-01-01,Train,https://open.spotify.com/track/4HlFJV71xXKIGcU3kRyttv,Australia,top200,NEW_ENTRY,31241.0
Maniac,150,2021-01-01,Conan Gray,https://open.spotify.com/track/6KfoDhO4XUWSbnyKjNp9c4,Australia,top200,NEW_ENTRY,31206.0
Diamonds,151,2021-01-01,Sam Smith,https://open.spotify.com/track/1hJIbOjWpid6LtnozHmzRS,Australia,top200,NEW_ENTRY,31156.0
Can't Hold Us - feat. Ray Dalton,152,2021-01-01,Macklemore & Ryan Lewis,https://open.spotify.com/track/3bidbhpOYeV4knp8AIu8Xn,Australia,top200,MOVE_DOWN,30957.0
Live In Life,153,2021-01-01,The Rubens,https://open.spotify.com/track/5zpGxLGLxQvgQzO8jYTzAU,Australia,top200,SAME_POSITION,30900.0
Supalonely (feat. Gus Dapperton),154,2021-01-01,BENEE,https://open.spotify.com/track/3GZoWLVbmxcBys6g0DLFLf,Australia,top200,MOVE_DOWN,30852.0
Don't Stop Me Now - Remastered 2011,155,2021-01-01,Queen,https://open.spotify.com/track/5T8EDUDqKcs6OSOwEsfqG7,Australia,top200,MOVE_DOWN,30788.0
Falling,156,2021-01-01,Trevor Daniel,https://open.spotify.com/track/2rRJrJEo19S2J82BDsQ3F7,Australia,top200,NEW_ENTRY,30693.0
Yellow,157,2021-01-01,Coldplay,https://open.spotify.com/track/3AJwUDP919kvQ9QcozQPxg,Australia,top200,NEW_ENTRY,30680.0
SICKO MODE,158,2021-01-01,Travis Scott,https://open.spotify.com/track/2xLMifQCjDGFmkHkpNLD9h,Australia,top200,MOVE_UP,30586.0
Dancing in the Moonlight,159,2021-01-01,Toploader,https://open.spotify.com/track/3Fzlg5r1IjhLk2qRw667od,Australia,top200,MOVE_DOWN,30583.0
Confidence,160,2021-01-01,Ocean Alley,https://open.spotify.com/track/7to68V64Cu6zk0UDo5tyw3,Australia,top200,NEW_ENTRY,30540.0
All of Me,161,2021-01-01,John Legend,https://open.spotify.com/track/3U4isOIWM3VvDubwSI3y7a,Australia,top200,NEW_ENTRY,30498.0
2002,162,2021-01-01,Anne-Marie,https://open.spotify.com/track/2BgEsaKNfHUdlh97KmvFyo,Australia,top200,NEW_ENTRY,30368.0
Martin & Gina,163,2021-01-01,Polo G,https://open.spotify.com/track/1VLtjHwRWOVJiE5Py7JxoQ,Australia,top200,NEW_ENTRY,30335.0
WHATS POPPIN,164,2021-01-01,Jack Harlow,https://open.spotify.com/track/1jaTQ3nqY3oAAYyCTbIvnM,Australia,top200,SAME_POSITION,30321.0
Closer,165,2021-01-01,"The Chainsmokers, Halsey",https://open.spotify.com/track/7BKLCZ1jbUBVqRi2FVlTVw,Australia,top200,MOVE_DOWN,30290.0
Hello (feat. A Boogie Wit da Hoodie),166,2021-01-01,Pop Smoke,https://open.spotify.com/track/2r6OAV3WsYtXuXjvJ1lIDi,Australia,top200,NEW_ENTRY,30060.0
Flame Trees - 2011 Remastered,167,2021-01-01,Cold Chisel,https://open.spotify.com/track/5qBmTXgCdtvCqKc9yrLoWg,Australia,top200,MOVE_DOWN,30020.0
Snowman,168,2021-01-01,Sia,https://open.spotify.com/track/7uoFMmxln0GPXQ0AcCBXRq,Australia,top200,NEW_ENTRY,29976.0
You should be sad,169,2021-01-01,Halsey,https://open.spotify.com/track/7lidXGPXPYLNThITAOTlkK,Australia,top200,NEW_ENTRY,29931.0
September,170,2021-01-01,"Earth, Wind & Fire",https://open.spotify.com/track/4f2GB5ZC7vOUYPAg69N2Xw,Australia,top200,MOVE_DOWN,29824.0
Shotgun,171,2021-01-01,George Ezra,https://open.spotify.com/track/4ofwffwvvnbSkrMSCKQDaC,Australia,top200,NEW_ENTRY,29779.0
Life Is Good (feat. Drake),172,2021-01-01,Future,https://open.spotify.com/track/1K5KBOgreBi5fkEHvg5ap3,Australia,top200,NEW_ENTRY,29606.0
HIGHEST IN THE ROOM,173,2021-01-01,Travis Scott,https://open.spotify.com/track/3eekarcy7kvN4yt5ZFzltW,Australia,top200,NEW_ENTRY,29601.0
everything i wanted,174,2021-01-01,Billie Eilish,https://open.spotify.com/track/3ZCTVFBt2Brf31RLEnCkWJ,Australia,top200,NEW_ENTRY,29584.0
Believer,175,2021-01-01,Imagine Dragons,https://open.spotify.com/track/0pqnGHJpmpxLKifKRmU6WP,Australia,top200,NEW_ENTRY,29494.0
Toosie Slide,176,2021-01-01,Drake,https://open.spotify.com/track/466cKvZn1j45IpxDdYZqdA,Australia,top200,MOVE_DOWN,29440.0
Post Malone (feat. RANI),177,2021-01-01,Sam Feldt,https://open.spotify.com/track/36orMWv2PgvnzXsd5CJ0yL,Australia,top200,MOVE_DOWN,29424.0
Tiny Dancer,178,2021-01-01,Elton John,https://open.spotify.com/track/2TVxnKdb3tqe1nhQWwwZCO,Australia,top200,MOVE_DOWN,29306.0
Eastside (with Halsey & Khalid),179,2021-01-01,benny blanco,https://open.spotify.com/track/7FGq80cy8juXBCD2nrqdWU,Australia,top200,NEW_ENTRY,29240.0
You Make My Dreams (Come True),180,2021-01-01,Daryl Hall & John Oates,https://open.spotify.com/track/4o6BgsqLIBViaGVbx5rbRk,Australia,top200,MOVE_DOWN,29207.0
"Whats Poppin (feat. DaBaby, Tory Lanez & Lil Wayne) [Remix] - Bonus Track",181,2021-01-01,Jack Harlow,https://open.spotify.com/track/0ZLuW8uOXdFNWcI40C0OC2,Australia,top200,NEW_ENTRY,29164.0
Smells Like Teen Spirit,182,2021-01-01,Nirvana,https://open.spotify.com/track/1f3yAtsJtY87CTmM8RLnxf,Australia,top200,NEW_ENTRY,28900.0
The Woo (feat. 50 Cent & Roddy Ricch),183,2021-01-01,Pop Smoke,https://open.spotify.com/track/1H7KnK26kc1YyellpbINEn,Australia,top200,NEW_ENTRY,28791.0
Free Fallin',184,2021-01-01,Tom Petty,https://open.spotify.com/track/5tVA6TkbaAH9QMITTQRrNv,Australia,top200,MOVE_DOWN,28747.0
ily (i love you baby) (feat. Emilee),185,2021-01-01,Surf Mesa,https://open.spotify.com/track/62aP9fBQKYKxi7PDXwcUAS,Australia,top200,MOVE_DOWN,28738.0
Sucker,186,2021-01-01,Jonas Brothers,https://open.spotify.com/track/22vgEDb5hykfaTwLuskFGD,Australia,top200,NEW_ENTRY,28588.0
Way Out (feat. Big Sean),187,2021-01-01,Jack Harlow,https://open.spotify.com/track/57VeLYXrvNxe8Vs18K2M9W,Australia,top200,NEW_ENTRY,28490.0
I Fall Apart,188,2021-01-01,Post Malone,https://open.spotify.com/track/75ZvA4QfFiZvzhj2xkaWAh,Australia,top200,NEW_ENTRY,28488.0
Promiscuous,189,2021-01-01,"Nelly Furtado, Timbaland",https://open.spotify.com/track/2gam98EZKrF9XuOkU13ApN,Australia,top200,MOVE_DOWN,28452.0
Daisy,190,2021-01-01,Ashnikko,https://open.spotify.com/track/0AUvWawuP0ibk4SQ3sIZjk,Australia,top200,NEW_ENTRY,28430.0
Shut Up and Dance,191,2021-01-01,WALK THE MOON,https://open.spotify.com/track/4kbj5MwxO1bq9wjT5g9HaA,Australia,top200,NEW_ENTRY,28329.0
Down Under,192,2021-01-01,Men At Work,https://open.spotify.com/track/5pSvjjfsh34sLrkYSNGCl4,Australia,top200,MOVE_DOWN,28195.0
Hey Ya!,193,2021-01-01,Outkast,https://open.spotify.com/track/2PpruBYCo4H7WOBJ7Q2EwM,Australia,top200,MOVE_DOWN,28190.0
Walking On A Dream,194,2021-01-01,Empire of the Sun,https://open.spotify.com/track/286TLtk120rnrmVeQClDTc,Australia,top200,MOVE_DOWN,28187.0
1955,195,2021-01-01,"Hilltop Hoods, Montaigne, Tom Thum",https://open.spotify.com/track/6oSmp7qnvAxUXeUKhl67a6,Australia,top200,NEW_ENTRY,28098.0
Let Her Go,196,2021-01-01,Passenger,https://open.spotify.com/track/2jyjhRf6DVbMPU5zxagN2h,Australia,top200,NEW_ENTRY,28091.0
Sweet Home Alabama,197,2021-01-01,Lynyrd Skynyrd,https://open.spotify.com/track/7e89621JPkKaeDSTQ3avtg,Australia,top200,MOVE_DOWN,28070.0
Looking for Me,198,2021-01-01,"Paul Woolford, Diplo, Kareen Lomax",https://open.spotify.com/track/17bGtGqqaXOgVnhnfx5NlE,Australia,top200,MOVE_DOWN,28000.0
Hayloft,199,2021-01-01,Mother Mother,https://open.spotify.com/track/2kS6td1yvmpNgZTt1q5pQq,Australia,top200,NEW_ENTRY,27882.0
Element,200,2021-01-01,Pop Smoke,https://open.spotify.com/track/57BGVV6wcyhbn3hsjlqEZB,Australia,top200,NEW_ENTRY,27877.0
7,1,2021-01-01,"Ufo361, Bonez MC",https://open.spotify.com/track/3ipliatTDndCmnYGaNiAbI,Austria,top200,NEW_ENTRY,43150.0
Angst,2,2021-01-01,Apache 207,https://open.spotify.com/track/5yUzqd3H7cmJ1no6B4uTzu,Austria,top200,NEW_ENTRY,30983.0
Mood (feat. iann dior),3,2021-01-01,24kGoldn,https://open.spotify.com/track/3tjFYV6RSFtuktYl3ZtYcq,Austria,top200,MOVE_DOWN,21102.0
Blinding Lights,4,2021-01-01,The Weeknd,https://open.spotify.com/track/0VjIjW4GlUZAMYd2vXMi3b,Austria,top200,MOVE_DOWN,16346.0
HOLIDAY,5,2021-01-01,Lil Nas X,https://open.spotify.com/track/6zFMeegAMYQo0mt8rXtrli,Austria,top200,MOVE_UP,15624.0
Head Shoulders Knees & Toes (feat. Norma Jean Martine),6,2021-01-01,"Ofenbach, Quarterhead",https://open.spotify.com/track/6i7zAdNhzUN2k1HcrBxPHG,Austria,top200,MOVE_DOWN,15214.0
All We Got (feat. KIDDO),7,2021-01-01,Robin Schulz,https://open.spotify.com/track/1FP9s72rDYty6mfoOEYKnE,Austria,top200,SAME_POSITION,14893.0
Head & Heart (feat. MNEK),8,2021-01-01,Joel Corry,https://open.spotify.com/track/6cx06DFPPHchuUAcTxznu9,Austria,top200,MOVE_DOWN,14007.0
Whoopty,9,2021-01-01,CJ,https://open.spotify.com/track/5vGLcdRuSbUhD8ScwsGSdA,Austria,top200,MOVE_UP,13711.0
WITHOUT YOU,10,2021-01-01,The Kid LAROI,https://open.spotify.com/track/27OeeYzk6klgBh83TSvGMA,Austria,top200,MOVE_UP,13150.0
"Lemonade (feat. Gunna, Don Toliver & NAV)",11,2021-01-01,Internet Money,https://open.spotify.com/track/7hxHWCCAIIxFLCzvDgnQHX,Austria,top200,MOVE_UP,12984.0
Paradise,12,2021-01-01,"VIZE, Joker Bra, Leony",https://open.spotify.com/track/2qpZjutAe3pstQsjwSXQb4,Austria,top200,MOVE_DOWN,11816.0
Roses - Imanbek Remix,13,2021-01-01,SAINt JHN,https://open.spotify.com/track/0zLCBJZSiELJf02ucPP9wb,Austria,top200,MOVE_DOWN,11810.0
Lost (feat. TOPIC42),14,2021-01-01,Samra,https://open.spotify.com/track/19LqJBBfd73oeBc3CPgDdl,Austria,top200,MOVE_UP,11748.0
Jerusalema (feat. Nomcebo Zikode),15,2021-01-01,Master KG,https://open.spotify.com/track/2MlOUXmcofMackX3bxfSwi,Austria,top200,MOVE_UP,10851.0
Afterglow,16,2021-01-01,Ed Sheeran,https://open.spotify.com/track/0E4Y1XIbs8GrAT1YqVy6dq,Austria,top200,MOVE_UP,10783.0
Anyone,17,2021-01-01,Justin Bieber,https://open.spotify.com/track/31qCy5ZaophVA81wtlwLc4,Austria,top200,NEW_ENTRY,10532.0
ROCKSTAR (feat. Roddy Ricch),18,2021-01-01,DaBaby,https://open.spotify.com/track/7ytR5pFWmSjzHJIeQkgog4,Austria,top200,MOVE_UP,10285.0
Angeklagt,19,2021-01-01,Bonez MC,https://open.spotify.com/track/5FLkxbVtsn88ejcLR62L4T,Austria,top200,MOVE_UP,10003.0
Goosebumps,20,2021-01-01,HVME,https://open.spotify.com/track/20McUFi8KCIVdNDLrkTDuZ,Austria,top200,MOVE_DOWN,9814.0
Roller,21,2021-01-01,Apache 207,https://open.spotify.com/track/6hw1Sy9wZ8UCxYGdpKrU6M,Austria,top200,MOVE_DOWN,9698.0
you broke me first,22,2021-01-01,Tate McRae,https://open.spotify.com/track/45bE4HXI0AwGZXfZtMp8JR,Austria,top200,MOVE_UP,9687.0
What You Know Bout Love,23,2021-01-01,Pop Smoke,https://open.spotify.com/track/1tkg4EHVoqnhR6iFEXb60y,Austria,top200,MOVE_UP,9641.0
The Business,24,2021-01-01,Tiësto,https://open.spotify.com/track/6f3Slt0GbA2bPZlz0aIFXN,Austria,top200,MOVE_DOWN,9600.0
Savage Love (Laxed - Siren Beat),25,2021-01-01,"Jawsh 685, Jason Derulo",https://open.spotify.com/track/1xQ6trAsedVPCdbtDAmk0c,Austria,top200,MOVE_DOWN,9437.0
Hollywood,26,2021-01-01,"LA Vision, Gigi D'Agostino",https://open.spotify.com/track/1XdMp6v9Q3N80WnKSbGfl4,Austria,top200,MOVE_DOWN,9291.0
Never Let Me Down,27,2021-01-01,"VIZE, Tom Gregory",https://open.spotify.com/track/5TGcyccg8Hkgn9jB7gUpMN,Austria,top200,MOVE_DOWN,9224.0
Lovefool,28,2021-01-01,twocolors,https://open.spotify.com/track/51Of5p3lKZeOg6itfs4og4,Austria,top200,MOVE_DOWN,9193.0
Therefore I Am,29,2021-01-01,Billie Eilish,https://open.spotify.com/track/54bFM56PmE4YLRnqpW6Tha,Austria,top200,MOVE_UP,9032.0
Europol,30,2021-01-01,Miami Yacine,https://open.spotify.com/track/25UeoyPPgMgvmQVhUBhlow,Austria,top200,MOVE_UP,8804.0
Dance Monkey,31,2021-01-01,Tones And I,https://open.spotify.com/track/1rgnBhdG2JDFTbYkYRZAku,Austria,top200,MOVE_DOWN,8672.0
Breaking Me,32,2021-01-01,"Topic, A7S",https://open.spotify.com/track/3H7ihDc1dqLriiWXwsc2po,Austria,top200,MOVE_DOWN,8623.0
Dirndl Weed,33,2021-01-01,Sääftig,https://open.spotify.com/track/0OZwvUys1bMDTiEHPoBviV,Austria,top200,MOVE_UP,8534.0
Watermelon Sugar,34,2021-01-01,Harry Styles,https://open.spotify.com/track/6UelLqGlWMcVH1E5c4H7lY,Austria,top200,MOVE_DOWN,8497.0
Centre Court,35,2021-01-01,"Bausa, RIN, Ufo361",https://open.spotify.com/track/6Xlske5nAmkPb123IfyZ5S,Austria,top200,MOVE_UP,8251.0
Take You Dancing,36,2021-01-01,Jason Derulo,https://open.spotify.com/track/59qrUpoplZxbIZxk6X0Bm3,Austria,top200,MOVE_DOWN,8076.0
Memories (feat. Kid Cudi),37,2021-01-01,David Guetta,https://open.spotify.com/track/0Xh6R6XLoTDRBYriQRgkHj,Austria,top200,MOVE_DOWN,7573.0
Hypnotized,38,2021-01-01,"Purple Disco Machine, Sophie and the Giants",https://open.spotify.com/track/0vWUhCPxpJOJR5urYbZypB,Austria,top200,MOVE_DOWN,7517.0
junge ceos,39,2021-01-01,Pashanim,https://open.spotify.com/track/7BBmK5XPK2nKfWMFtxgOJJ,Austria,top200,MOVE_UP,7430.0
SHAWTY,40,2021-01-01,Luciano,https://open.spotify.com/track/2zeWbdSyAcN0O0r7em4j3B,Austria,top200,MOVE_UP,7350.0
Paradise (feat. Dermot Kennedy),41,2021-01-01,MEDUZA,https://open.spotify.com/track/6ft4hAq6yde8jPZY2i5zLr,Austria,top200,MOVE_DOWN,7346.0
gebe auf.,42,2021-01-01,Lune,https://open.spotify.com/track/1upzszB5JxMfNUEBmkcgaO,Austria,top200,MOVE_UP,7278.0
Robbery,43,2021-01-01,Juice WRLD,https://open.spotify.com/track/6Hj9jySrnFppAI0sEMCZpJ,Austria,top200,MOVE_UP,7274.0
positions,44,2021-01-01,Ariana Grande,https://open.spotify.com/track/35mvY5S1H3J2QZyna3TFe0,Austria,top200,MOVE_DOWN,7257.0
Bayrisch Drip,45,2021-01-01,Sääftig,https://open.spotify.com/track/3ECbHfRSFMjfm99YFvAD4x,Austria,top200,MOVE_UP,7220.0
Snowman,46,2021-01-01,Sia,https://open.spotify.com/track/7uoFMmxln0GPXQ0AcCBXRq,Austria,top200,MOVE_UP,7188.0
For The Night (feat. Lil Baby & DaBaby),47,2021-01-01,Pop Smoke,https://open.spotify.com/track/0PvFJmanyNQMseIFrU708S,Austria,top200,MOVE_UP,7187.0
istanbul freestyle,48,2021-01-01,Pashanim,https://open.spotify.com/track/2ZiltmlAPVrh2ZSDlrxwsE,Austria,top200,MOVE_UP,7076.0
Airwaves,49,2021-01-01,Pashanim,https://open.spotify.com/track/5CqkgDH8QZjSqqI3HmYxDD,Austria,top200,MOVE_UP,7067.0
Come & Go (with Marshmello),50,2021-01-01,Juice WRLD,https://open.spotify.com/track/2Y0wPrPQBrGhoLn14xRYCG,Austria,top200,MOVE_UP,7058.0
Lonely (with benny blanco),51,2021-01-01,Justin Bieber,https://open.spotify.com/track/4y4spB9m0Q6026KfkAvy9Q,Austria,top200,MOVE_UP,7038.0
Monster (Shawn Mendes & Justin Bieber),52,2021-01-01,Shawn Mendes,https://open.spotify.com/track/1HbA4N1MiOsPthALesGFR1,Austria,top200,SAME_POSITION,6974.0
Verlierer,53,2021-01-01,LUNA,https://open.spotify.com/track/6ZklqpekeC0KFGzyFVjQuj,Austria,top200,MOVE_UP,6969.0
Prisoner (feat. Dua Lipa),54,2021-01-01,Miley Cyrus,https://open.spotify.com/track/2Oycxb8QbPkpHTo8ZrmG0B,Austria,top200,MOVE_DOWN,6929.0
Can't Hold Us - feat. Ray Dalton,55,2021-01-01,Macklemore & Ryan Lewis,https://open.spotify.com/track/3bidbhpOYeV4knp8AIu8Xn,Austria,top200,MOVE_DOWN,6845.0
"1,50",56,2021-01-01,"KASIMIR1441, Chapo102",https://open.spotify.com/track/0FUDSjFuqeVwGFVsZMByZp,Austria,top200,MOVE_UP,6838.0
Unterwegs,57,2021-01-01,"KitschKrieg, Jamule, SFR",https://open.spotify.com/track/7mrWTjhYctgEQb0lJKrVWy,Austria,top200,MOVE_UP,6471.0
Close Your Eyes,58,2021-01-01,"Felix Jaehn, VIZE, Miss Li",https://open.spotify.com/track/7N06jo3EnV792VFaG8vuW6,Austria,top200,MOVE_DOWN,6435.0
The Passenger (LaLaLa) [feat. MOKABY],59,2021-01-01,"LUM!X, D.T.E, Gabry Ponte",https://open.spotify.com/track/2A0CxheiQGQdCiKtOR7jMP,Austria,top200,MOVE_DOWN,6422.0
Love Not War (The Tampa Beat),60,2021-01-01,"Jason Derulo, Nuka",https://open.spotify.com/track/4Lt6GXGzYsa1tgkv3nGSTm,Austria,top200,MOVE_DOWN,6343.0
Kings & Queens,61,2021-01-01,Ava Max,https://open.spotify.com/track/7a53HqqArd4b9NF4XAmlbI,Austria,top200,MOVE_DOWN,6342.0
Alane,62,2021-01-01,"Robin Schulz, Wes",https://open.spotify.com/track/2u6Jm2klS4yvAlbSHlxUwI,Austria,top200,MOVE_DOWN,6336.0
Bläulich,63,2021-01-01,Apache 207,https://open.spotify.com/track/2WRTnY0slmFgWcrmEr8dPj,Austria,top200,MOVE_UP,6318.0
Someone You Loved,64,2021-01-01,Lewis Capaldi,https://open.spotify.com/track/7qEHsqek33rTcFNT9PFqLf,Austria,top200,MOVE_UP,6261.0
Wonder,65,2021-01-01,Shawn Mendes,https://open.spotify.com/track/6ZuahEctZD6w75peme58hm,Austria,top200,MOVE_DOWN,6253.0
Lucid Dreams,66,2021-01-01,Juice WRLD,https://open.spotify.com/track/285pBltuF7vW8TeWk8hdRR,Austria,top200,MOVE_UP,6204.0
Wishing Well,67,2021-01-01,Juice WRLD,https://open.spotify.com/track/2U5WueTLIK5WJLD7mvDODv,Austria,top200,MOVE_UP,6140.0
Astronaut In The Ocean,68,2021-01-01,Masked Wolf,https://open.spotify.com/track/0jdso14vaFnpRazMLEZovF,Austria,top200,MOVE_UP,6097.0
WAP (feat. Megan Thee Stallion),69,2021-01-01,Cardi B,https://open.spotify.com/track/4Oun2ylbjFKMPTiaSbbCih,Austria,top200,MOVE_DOWN,6085.0
I Gotta Feeling,70,2021-01-01,Black Eyed Peas,https://open.spotify.com/track/4kLLWz7srcuLKA7Et40PQR,Austria,top200,MOVE_DOWN,5963.0
Alien,71,2021-01-01,Dennis Lloyd,https://open.spotify.com/track/1Tqshmc0rnQPaIGJfRp2Da,Austria,top200,MOVE_DOWN,5833.0
Cooler Than Me,72,2021-01-01,Lucky Luke,https://open.spotify.com/track/525GY0mXYnxajolwgS8Eaz,Austria,top200,MOVE_DOWN,5825.0
In meinem Benz,73,2021-01-01,"AK AUSSERKONTROLLE, Bonez MC",https://open.spotify.com/track/3dy7SaVShdnjwtx9IXhtzg,Austria,top200,MOVE_UP,5727.0
Hello (feat. A Boogie Wit da Hoodie),74,2021-01-01,Pop Smoke,https://open.spotify.com/track/2r6OAV3WsYtXuXjvJ1lIDi,Austria,top200,MOVE_UP,5671.0
34+35,75,2021-01-01,Ariana Grande,https://open.spotify.com/track/6Im9k8u9iIzKMrmV7BWtlF,Austria,top200,MOVE_UP,5657.0
Sweater Weather,76,2021-01-01,The Neighbourhood,https://open.spotify.com/track/2QjOHCTQ1Jl3zawyYOpxh6,Austria,top200,MOVE_UP,5642.0
Star Shopping,77,2021-01-01,Lil Peep,https://open.spotify.com/track/30bqVoKjX479ab90a8Pafp,Austria,top200,NEW_ENTRY,5609.0
Dynamite,78,2021-01-01,BTS,https://open.spotify.com/track/4saklk6nie3yiGePpBwUoc,Austria,top200,MOVE_UP,5593.0
goosebumps,79,2021-01-01,Travis Scott,https://open.spotify.com/track/6gBFPUFcJLzWGx4lenP6h2,Austria,top200,MOVE_UP,5491.0
Some Say - Felix Jaehn Remix,80,2021-01-01,Nea,https://open.spotify.com/track/7C1trmcQQ5n5RNy4l6ziCv,Austria,top200,MOVE_DOWN,5447.0
In Your Eyes (feat. Alida),81,2021-01-01,"Alida, Robin Schulz",https://open.spotify.com/track/61ZM92T2zaXIVsqncThQzC,Austria,top200,MOVE_DOWN,5415.0
FN21 (feat. Olexesh),82,2021-01-01,Celo & Abdi,https://open.spotify.com/track/4iPElkkIU4A0QZQOntwNlA,Austria,top200,NEW_ENTRY,5347.0
Dior,83,2021-01-01,Pop Smoke,https://open.spotify.com/track/79s5XnCN4TJKTVMSmOx8Ep,Austria,top200,MOVE_UP,5324.0
Don't Stop Me Now - Remastered 2011,84,2021-01-01,Queen,https://open.spotify.com/track/5T8EDUDqKcs6OSOwEsfqG7,Austria,top200,MOVE_DOWN,5311.0
HIGHEST IN THE ROOM,85,2021-01-01,Travis Scott,https://open.spotify.com/track/3eekarcy7kvN4yt5ZFzltW,Austria,top200,MOVE_UP,5197.0
bad guy,86,2021-01-01,Billie Eilish,https://open.spotify.com/track/2Fxmhks0bxGSBdJ92vM42m,Austria,top200,MOVE_DOWN,5192.0
Don't Start Now,87,2021-01-01,Dua Lipa,https://open.spotify.com/track/3PfIrDoz19wz7qK7tYeu62,Austria,top200,MOVE_DOWN,5169.0
Blueberry Faygo,88,2021-01-01,Lil Mosey,https://open.spotify.com/track/22LAwLoDA5b4AaGSkg6bKW,Austria,top200,MOVE_UP,5169.0
500 PS,89,2021-01-01,"Bonez MC, RAF Camora",https://open.spotify.com/track/4UOXo3xWnxYdTf3sFyRaUG,Austria,top200,MOVE_UP,5115.0
Falling,90,2021-01-01,Trevor Daniel,https://open.spotify.com/track/2rRJrJEo19S2J82BDsQ3F7,Austria,top200,MOVE_UP,5067.0
Giants,91,2021-01-01,Dermot Kennedy,https://open.spotify.com/track/43CHdbHYdcbUWP10UFKyZ7,Austria,top200,MOVE_UP,5057.0
Don't Stop Believin',92,2021-01-01,Journey,https://open.spotify.com/track/4bHsxqR3GMrXTxEPLuK5ue,Austria,top200,MOVE_DOWN,5033.0
Dynamite,93,2021-01-01,Taio Cruz,https://open.spotify.com/track/2CEgGE6aESpnmtfiZwYlbV,Austria,top200,MOVE_DOWN,5010.0
Before You Go,94,2021-01-01,Lewis Capaldi,https://open.spotify.com/track/2gMXnyrvIjhVBUZwvLZDMP,Austria,top200,MOVE_UP,4989.0
Ohne mein Team,95,2021-01-01,"Bonez MC, RAF Camora, Maxwell",https://open.spotify.com/track/05Mp2UJulSttxQ4E6hQPH3,Austria,top200,MOVE_UP,4981.0
Blutige Tränen X Rockstar,96,2021-01-01,Jamule,https://open.spotify.com/track/3dX5xqgjvDCtwth8zyso6n,Austria,top200,NEW_ENTRY,4946.0
Übermorgen,97,2021-01-01,Mark Forster,https://open.spotify.com/track/1NP7bzm8UksJUWXsuFoOwE,Austria,top200,MOVE_DOWN,4933.0
ka je,98,2021-01-01,Dardan,https://open.spotify.com/track/0IhTszc48NK2EBCvvc1KKU,Austria,top200,NEW_ENTRY,4908.0
Gimme! Gimme! Gimme!,99,2021-01-01,GAMPER & DADONI,https://open.spotify.com/track/4zLSkwZaiMfzzapPCbdG90,Austria,top200,MOVE_DOWN,4856.0
Put Your Records On,100,2021-01-01,Ritt Momney,https://open.spotify.com/track/6AGOKlMZWLCaEJGnaROtF9,Austria,top200,MOVE_DOWN,4834.0
Rise Up (feat. Vamero),101,2021-01-01,VINAI,https://open.spotify.com/track/46lyJh9GYmWsHez3EsvmAx,Austria,top200,MOVE_UP,4811.0
death bed (coffee for your head),102,2021-01-01,"Powfu, beabadoobee",https://open.spotify.com/track/7eJMfftS33KTjuF7lTsMCx,Austria,top200,MOVE_UP,4804.0
Fly Away,103,2021-01-01,Tones And I,https://open.spotify.com/track/5ri4zqtWhG07hIuNNDWP76,Austria,top200,MOVE_DOWN,4801.0
Godzilla (feat. Juice WRLD),104,2021-01-01,Eminem,https://open.spotify.com/track/7FIWs0pqAYbP91WWM0vlTQ,Austria,top200,MOVE_UP,4779.0
Monster,105,2021-01-01,"LUM!X, Gabry Ponte",https://open.spotify.com/track/0YU17F0BlVXvmx5ytsR43w,Austria,top200,MOVE_UP,4774.0
Frühstück in Paris,106,2021-01-01,"Capital Bra, Cro",https://open.spotify.com/track/1ddbNJwDjjmCYz1GFGYnsw,Austria,top200,MOVE_UP,4772.0
The Box,107,2021-01-01,Roddy Ricch,https://open.spotify.com/track/0nbXyq5TXYPCO7pr3N8S4I,Austria,top200,MOVE_UP,4767.0
L'Amour Toujours,108,2021-01-01,Gigi D'Agostino,https://open.spotify.com/track/52LJ3hyknOijCrE5gCD0rE,Austria,top200,MOVE_DOWN,4760.0
hot girl bummer,109,2021-01-01,blackbear,https://open.spotify.com/track/2mt1IqcFyY1zmYZT8Q3xw9,Austria,top200,MOVE_DOWN,4713.0
Habibi,110,2021-01-01,Casar,https://open.spotify.com/track/5wvuvSerLcNK5Xc8v2duWn,Austria,top200,MOVE_UP,4699.0
willow,111,2021-01-01,Taylor Swift,https://open.spotify.com/track/3Uo7WG0vmLQ07WB4BDwy7D,Austria,top200,MOVE_UP,4697.0
Life Is Good (feat. Drake),112,2021-01-01,Future,https://open.spotify.com/track/1K5KBOgreBi5fkEHvg5ap3,Austria,top200,MOVE_UP,4693.0
DÁKITI,113,2021-01-01,"Bad Bunny, Jhay Cortez",https://open.spotify.com/track/4MzXwWMhyBbmu6hOcLVD49,Austria,top200,MOVE_DOWN,4690.0
Bohemian Rhapsody - Remastered 2011,114,2021-01-01,Queen,https://open.spotify.com/track/4u7EnebtmKWzUH433cf5Qv,Austria,top200,MOVE_UP,4672.0
Kein Hunger,115,2021-01-01,"Loredana, Ufo361",https://open.spotify.com/track/09neQCQwBgcu9r2QHE6YpP,Austria,top200,MOVE_UP,4672.0
Circles,116,2021-01-01,Post Malone,https://open.spotify.com/track/21jGcNKet2qwijlDFuPiPb,Austria,top200,MOVE_DOWN,4671.0
Ride It,117,2021-01-01,Regard,https://open.spotify.com/track/2tnVG71enUj33Ic2nFN6kZ,Austria,top200,MOVE_DOWN,4623.0
Train Wreck,118,2021-01-01,James Arthur,https://open.spotify.com/track/55Am8neGJkdj2ADaM3aw5H,Austria,top200,NEW_ENTRY,4586.0
Lonely,119,2021-01-01,"Tujamo, VIZE, MAJAN",https://open.spotify.com/track/5LOJdJPzuevskkoAtLj8hb,Austria,top200,MOVE_DOWN,4556.0
Africa,120,2021-01-01,TOTO,https://open.spotify.com/track/2374M0fQpWi3dLnB54qaLX,Austria,top200,MOVE_DOWN,4538.0
Levitating (feat. DaBaby),121,2021-01-01,Dua Lipa,https://open.spotify.com/track/5nujrmhLynf4yMoMtj8AQF,Austria,top200,MOVE_DOWN,4495.0
Hangover,122,2021-01-01,"Taio Cruz, Flo Rida",https://open.spotify.com/track/5pmL3RzOy3IvGFaSDi4hZL,Austria,top200,MOVE_DOWN,4482.0
Reminds Me Of You,123,2021-01-01,"Juice WRLD, The Kid LAROI",https://open.spotify.com/track/5YSHygGN9D0mID1NsVd5my,Austria,top200,NEW_ENTRY,4458.0
Monet,124,2021-01-01,"Alligatoah, Sido",https://open.spotify.com/track/2vS1HmVoOpvWeFKf7HnWdJ,Austria,top200,MOVE_UP,4450.0
my ex's best friend (with blackbear),125,2021-01-01,Machine Gun Kelly,https://open.spotify.com/track/7kDUspsoYfLkWnZR7qwHZl,Austria,top200,MOVE_UP,4447.0
Mood Swings (feat. Lil Tjay),126,2021-01-01,Pop Smoke,https://open.spotify.com/track/5rZlwNFl01HqLWBQGryKSm,Austria,top200,NEW_ENTRY,4436.0
Blood // Water,127,2021-01-01,grandson,https://open.spotify.com/track/0AUyNF6iFxMNQsNx2nhtrw,Austria,top200,NEW_ENTRY,4434.0
Bad boy,128,2021-01-01,Marwa Loud,https://open.spotify.com/track/0RE4crnT3jRms1xxVlEZx2,Austria,top200,MOVE_UP,4432.0
Umbrella,129,2021-01-01,"Rihanna, JAY-Z",https://open.spotify.com/track/2yPoXCs7BSIUrucMdK5PzV,Austria,top200,MOVE_UP,4430.0
In My Mind,130,2021-01-01,"Dynoro, Gigi D'Agostino",https://open.spotify.com/track/0E9ZjEAyAwOXZ7wJC0PD33,Austria,top200,MOVE_DOWN,4425.0
TiK ToK,131,2021-01-01,Kesha,https://open.spotify.com/track/0HPD5WQqrq7wPWR7P7Dw1i,Austria,top200,MOVE_DOWN,4399.0
Toosie Slide,132,2021-01-01,Drake,https://open.spotify.com/track/466cKvZn1j45IpxDdYZqdA,Austria,top200,MOVE_DOWN,4393.0
SO DONE,133,2021-01-01,The Kid LAROI,https://open.spotify.com/track/3qgPpwtuRu5oP8EtFSj8HE,Austria,top200,NEW_ENTRY,4384.0
Midnight Sky,134,2021-01-01,Miley Cyrus,https://open.spotify.com/track/4i2qxFEVVUi8yOYoxB8TCX,Austria,top200,MOVE_DOWN,4327.0
Bitte geh,135,2021-01-01,"MERO, ELIF",https://open.spotify.com/track/1zvr6BNcHaRkBDMNjgFQI4,Austria,top200,NEW_ENTRY,4320.0
Holy (feat. Chance The Rapper),136,2021-01-01,Justin Bieber,https://open.spotify.com/track/5u1n1kITHCxxp8twBcZxWy,Austria,top200,MOVE_DOWN,4307.0
Principessa,137,2021-01-01,Seiler und Speer,https://open.spotify.com/track/5vYzN5RvfHYdW8qIqni9WN,Austria,top200,MOVE_UP,4298.0
Fame,138,2021-01-01,Apache 207,https://open.spotify.com/track/0QjjaCaXE45mvhCnV3C0TA,Austria,top200,NEW_ENTRY,4294.0
lovely (with Khalid),139,2021-01-01,Billie Eilish,https://open.spotify.com/track/0u2P5u6lvoDfwTYjAADbn4,Austria,top200,NEW_ENTRY,4288.0
Laugh Now Cry Later (feat. Lil Durk),140,2021-01-01,Drake,https://open.spotify.com/track/2SAqBLGA283SUiwJ3xOUVI,Austria,top200,MOVE_UP,4282.0
Weekend,141,2021-01-01,LIZOT,https://open.spotify.com/track/4KPYXZUCKYLEEcGmKN4Exs,Austria,top200,MOVE_DOWN,4264.0
Skifahren (feat. Joshi Mizu),142,2021-01-01,"The Cratez, Bausa, Maxwell",https://open.spotify.com/track/7qwWwsa6otLM0UOEamls4s,Austria,top200,MOVE_DOWN,4258.0
Summer Of '69,143,2021-01-01,Bryan Adams,https://open.spotify.com/track/6N1EjQjnvhOjFrF6oUmGPa,Austria,top200,MOVE_DOWN,4258.0
Arcade,144,2021-01-01,Duncan Laurence,https://open.spotify.com/track/1J14CdDAvBTE1AJYUOwl6C,Austria,top200,NEW_ENTRY,4252.0
KK,145,2021-01-01,KASIMIR1441,https://open.spotify.com/track/6IwbgA2lca6IZZvo2wCL6Q,Austria,top200,NEW_ENTRY,4238.0
Marie,146,2021-01-01,Alle Achtung,https://open.spotify.com/track/7vdDVWWrTkg7LYwkgcWha9,Austria,top200,MOVE_DOWN,4219.0
Low (feat. T-Pain),147,2021-01-01,Flo Rida,https://open.spotify.com/track/0CAfXk7DXMnon4gLudAp7J,Austria,top200,MOVE_DOWN,4216.0
Salt,148,2021-01-01,Ava Max,https://open.spotify.com/track/5iyZwawawLjHYpX4MxUKVF,Austria,top200,MOVE_DOWN,4212.0
Rain On Me (with Ariana Grande),149,2021-01-01,Lady Gaga,https://open.spotify.com/track/7ju97lgwC2rKQ6wwsf9no9,Austria,top200,MOVE_DOWN,4200.0
I Want It That Way,150,2021-01-01,Backstreet Boys,https://open.spotify.com/track/47BBI51FKFwOMlIiX6m8ya,Austria,top200,MOVE_DOWN,4188.0
Be Alright,151,2021-01-01,Dean Lewis,https://open.spotify.com/track/5qrSlOut2rNAWv3ubArkNy,Austria,top200,NEW_ENTRY,4146.0
